filename,full_path,view,video_id,level,band
back1.mp4,D:\Documents\VTK_Team_DataStorm2025\Final\Videos_data\back1.mp4,back,1,pro,pro
back2.mp4,D:\Documents\VTK_Team_DataStorm2025\Final\Videos_data\back2.mp4,back,2,pro,pro
back3.mp4,D:\Documents\VTK_Team_DataStorm2025\Final\Videos_data\back3.mp4,back,3,pro,pro
back4.mp4,D:\Documents\VTK_Team_DataStorm2025\Final\Videos_data\back4.mp4,back,4,pro,pro
back5.mp4,D:\Documents\VTK_Team_DataStorm2025\Final\Videos_data\back5.mp4,back,5,pro,pro
back6.mp4,D:\Documents\VTK_Team_DataStorm2025\Final\Videos_data\back6.mp4,back,6,pro,pro
back7.mp4,D:\Documents\VTK_Team_DataStorm2025\Final\Videos_data\back7.mp4,back,7,pro,pro
back8.mp4,D:\Documents\VTK_Team_DataStorm2025\Final\Videos_data\back8.mp4,back,8,pro,pro
back9.mp4,D:\Documents\VTK_Team_DataStorm2025\Final\Videos_data\back9.mp4,back,9,pro,pro
back10.mp4,D:\Documents\VTK_Team_DataStorm2025\Final\Videos_data\back10.mp4,back,10,pro,pro
back11.mp4,D:\Documents\VTK_Team_DataStorm2025\Final\Videos_data\back11.mp4,back,11,pro,pro
back12.mp4,D:\Documents\VTK_Team_DataStorm2025\Final\Videos_data\back12.mp4,back,12,pro,pro
back13.mp4,D:\Documents\VTK_Team_DataStorm2025\Final\Videos_data\back13.mp4,back,13,pro,pro
back14.mp4,D:\Documents\VTK_Team_DataStorm2025\Final\Videos_data\back14.mp4,back,14,pro,pro
back15.mp4,D:\Documents\VTK_Team_DataStorm2025\Final\Videos_data\back15.mp4,back,15,pro,pro
back16.mp4,D:\Documents\VTK_Team_DataStorm2025\Final\Videos_data\back16.mp4,back,16,pro,pro
back17.mp4,D:\Documents\VTK_Team_DataStorm2025\Final\Videos_data\back17.mp4,back,17,pro,pro
back18.mp4,D:\Documents\VTK_Team_DataStorm2025\Final\Videos_data\back18.mp4,back,18,pro,pro
back19.mp4,D:\Documents\VTK_Team_DataStorm2025\Final\Videos_data\back19.mp4,back,19,pro,pro
back20.mp4,D:\Documents\VTK_Team_DataStorm2025\Final\Videos_data\back20.mp4,back,20,pro,pro
back21.mp4,D:\Documents\VTK_Team_DataStorm2025\Final\Videos_data\back21.mp4,back,21,pro,pro
back22.mp4,D:\Documents\VTK_Team_DataStorm2025\Final\Videos_data\back22.mp4,back,22,pro,pro
back23.mp4,D:\Documents\VTK_Team_DataStorm2025\Final\Videos_data\back23.mp4,back,23,pro,pro
back24.mp4,D:\Documents\VTK_Team_DataStorm2025\Final\Videos_data\back24.mp4,back,24,pro,pro
back25.mp4,D:\Documents\VTK_Team_DataStorm2025\Final\Videos_data\back25.mp4,back,25,pro,pro
back26.mp4,D:\Documents\VTK_Team_DataStorm2025\Final\Videos_data\back26.mp4,back,26,pro,pro
back27.mp4,D:\Documents\VTK_Team_DataStorm2025\Final\Videos_data\back27.mp4,back,27,pro,pro
back28.mp4,D:\Documents\VTK_Team_DataStorm2025\Final\Videos_data\back28.mp4,back,28,pro,pro
back29.mp4,D:\Documents\VTK_Team_DataStorm2025\Final\Videos_data\back29.mp4,back,29,pro,pro
back30.mp4,D:\Documents\VTK_Team_DataStorm2025\Final\Videos_data\back30.mp4,back,30,pro,pro
back31.mp4,D:\Documents\VTK_Team_DataStorm2025\Final\Videos_data\back31.mp4,back,31,pro,pro
back32.mp4,D:\Documents\VTK_Team_DataStorm2025\Final\Videos_data\back32.mp4,back,32,pro,pro
back33.mp4,D:\Documents\VTK_Team_DataStorm2025\Final\Videos_data\back33.mp4,back,33,pro,pro
back34.mp4,D:\Documents\VTK_Team_DataStorm2025\Final\Videos_data\back34.mp4,back,34,pro,pro
back35.mp4,D:\Documents\VTK_Team_DataStorm2025\Final\Videos_data\back35.mp4,back,35,pro,pro
back36.mp4,D:\Documents\VTK_Team_DataStorm2025\Final\Videos_data\back36.mp4,back,36,pro,pro
back37.mp4,D:\Documents\VTK_Team_DataStorm2025\Final\Videos_data\back37.mp4,back,37,pro,pro
back38.mp4,D:\Documents\VTK_Team_DataStorm2025\Final\Videos_data\back38.mp4,back,38,pro,pro
back39.mp4,D:\Documents\VTK_Team_DataStorm2025\Final\Videos_data\back39.mp4,back,39,pro,pro
back40.mp4,D:\Documents\VTK_Team_DataStorm2025\Final\Videos_data\back40.mp4,back,40,pro,pro
back41.mp4,D:\Documents\VTK_Team_DataStorm2025\Final\Videos_data\back41.mp4,back,41,pro,pro
back42.mp4,D:\Documents\VTK_Team_DataStorm2025\Final\Videos_data\back42.mp4,back,42,pro,pro
back43.mp4,D:\Documents\VTK_Team_DataStorm2025\Final\Videos_data\back43.mp4,back,43,pro,pro
side1.mp4,D:\Documents\VTK_Team_DataStorm2025\Final\Videos_data\side1.mp4,side,1,pro,pro
side2.mp4,D:\Documents\VTK_Team_DataStorm2025\Final\Videos_data\side2.mp4,side,2,pro,pro
side3.mp4,D:\Documents\VTK_Team_DataStorm2025\Final\Videos_data\side3.mp4,side,3,pro,pro
side4.mp4,D:\Documents\VTK_Team_DataStorm2025\Final\Videos_data\side4.mp4,side,4,pro,pro
side5.mp4,D:\Documents\VTK_Team_DataStorm2025\Final\Videos_data\side5.mp4,side,5,pro,pro
side6.mp4,D:\Documents\VTK_Team_DataStorm2025\Final\Videos_data\side6.mp4,side,6,pro,pro
side7.mp4,D:\Documents\VTK_Team_DataStorm2025\Final\Videos_data\side7.mp4,side,7,pro,pro
side8.mp4,D:\Documents\VTK_Team_DataStorm2025\Final\Videos_data\side8.mp4,side,8,pro,pro
side9.mp4,D:\Documents\VTK_Team_DataStorm2025\Final\Videos_data\side9.mp4,side,9,pro,pro
side10.mp4,D:\Documents\VTK_Team_DataStorm2025\Final\Videos_data\side10.mp4,side,10,pro,pro
side11.mp4,D:\Documents\VTK_Team_DataStorm2025\Final\Videos_data\side11.mp4,side,11,pro,pro
side12.mp4,D:\Documents\VTK_Team_DataStorm2025\Final\Videos_data\side12.mp4,side,12,pro,pro
side13.mp4,D:\Documents\VTK_Team_DataStorm2025\Final\Videos_data\side13.mp4,side,13,pro,pro
side14.mp4,D:\Documents\VTK_Team_DataStorm2025\Final\Videos_data\side14.mp4,side,14,pro,pro
side15.mp4,D:\Documents\VTK_Team_DataStorm2025\Final\Videos_data\side15.mp4,side,15,pro,pro
side16.mp4,D:\Documents\VTK_Team_DataStorm2025\Final\Videos_data\side16.mp4,side,16,pro,pro
side17.mp4,D:\Documents\VTK_Team_DataStorm2025\Final\Videos_data\side17.mp4,side,17,pro,pro
side18.mp4,D:\Documents\VTK_Team_DataStorm2025\Final\Videos_data\side18.mp4,side,18,pro,pro
side19.mp4,D:\Documents\VTK_Team_DataStorm2025\Final\Videos_data\side19.mp4,side,19,pro,pro
side20.mp4,D:\Documents\VTK_Team_DataStorm2025\Final\Videos_data\side20.mp4,side,20,pro,pro
side21.mp4,D:\Documents\VTK_Team_DataStorm2025\Final\Videos_data\side21.mp4,side,21,pro,pro
side22.mp4,D:\Documents\VTK_Team_DataStorm2025\Final\Videos_data\side22.mp4,side,22,pro,pro
side23.mp4,D:\Documents\VTK_Team_DataStorm2025\Final\Videos_data\side23.mp4,side,23,pro,pro
side24.mp4,D:\Documents\VTK_Team_DataStorm2025\Final\Videos_data\side24.mp4,side,24,pro,pro
side25.mp4,D:\Documents\VTK_Team_DataStorm2025\Final\Videos_data\side25.mp4,side,25,pro,pro
side26.mp4,D:\Documents\VTK_Team_DataStorm2025\Final\Videos_data\side26.mp4,side,26,pro,pro
side27.mp4,D:\Documents\VTK_Team_DataStorm2025\Final\Videos_data\side27.mp4,side,27,pro,pro
side28.mp4,D:\Documents\VTK_Team_DataStorm2025\Final\Videos_data\side28.mp4,side,28,pro,pro
side29.mp4,D:\Documents\VTK_Team_DataStorm2025\Final\Videos_data\side29.mp4,side,29,pro,pro
side30.mp4,D:\Documents\VTK_Team_DataStorm2025\Final\Videos_data\side30.mp4,side,30,pro,pro
side31.mp4,D:\Documents\VTK_Team_DataStorm2025\Final\Videos_data\side31.mp4,side,31,pro,pro
side32.mp4,D:\Documents\VTK_Team_DataStorm2025\Final\Videos_data\side32.mp4,side,32,pro,pro
side33.mp4,D:\Documents\VTK_Team_DataStorm2025\Final\Videos_data\side33.mp4,side,33,pro,pro
side34.mp4,D:\Documents\VTK_Team_DataStorm2025\Final\Videos_data\side34.mp4,side,34,pro,pro
side35.mp4,D:\Documents\VTK_Team_DataStorm2025\Final\Videos_data\side35.mp4,side,35,pro,pro
side36.mp4,D:\Documents\VTK_Team_DataStorm2025\Final\Videos_data\side36.mp4,side,36,pro,pro
side37.mp4,D:\Documents\VTK_Team_DataStorm2025\Final\Videos_data\side37.mp4,side,37,pro,pro
side38.mp4,D:\Documents\VTK_Team_DataStorm2025\Final\Videos_data\side38.mp4,side,38,pro,pro
side39.mp4,D:\Documents\VTK_Team_DataStorm2025\Final\Videos_data\side39.mp4,side,39,pro,pro
side40.mp4,D:\Documents\VTK_Team_DataStorm2025\Final\Videos_data\side40.mp4,side,40,pro,pro
side41.mp4,D:\Documents\VTK_Team_DataStorm2025\Final\Videos_data\side41.mp4,side,41,pro,pro
